<graph  PYAxisName='Jumlah' >
<categories>
<category name='March' />
<category name='April' />
<category name='May' />
</categories>
<dataset seriesName='Polo' color='AFD8F8' showValues='0'>
<set value='25601.34' />
<set value='20148.82' />
<set value='17372.76' />
<set value='35407.15' />
<set value='38105.68' />
</dataset>
<dataset seriesName='Kemeja' color='F6BD0F' showValues='0' >
<set value='57401.85' /> 
<set value='34941.19' />
<set value='45263.37' />
<set value='117320.16' />
<set value='114845.27' />
</dataset>
<dataset seriesName='Cardigan' color='FD0B0B' showValues='0' >
<set value='52401.85' /> 
<set value='41941.19' />
<set value='45263.37' />
<set value='117320.16' />
<set value='114845.27' />
</dataset>
<dataset seriesName='Kaos' color='0B740B' showValues='0' >
<set value='54401.85' /> 
<set value='41941.19' />
<set value='40263.37' />
<set value='117320.16' />
<set value='114845.27' />
</dataset>
<dataset seriesName='Total Quantity' color='8BBA00' showValues='0' parentYAxis='A' >
<set value='42000' />
<set value='40835' />
<set value='41835' />
<set value='77557' />
<set value='92633' />
</dataset>
</graph>

