<graph xaxisname='Bulan' yaxisname='Jumlah' hovercapbg='DEDEBE' hovercapborder='889E6D' rotateNames='0' yAxisMaxValue='100' numdivlines='9' divLineColor='CCCCCC' divLineAlpha='80' decimalPrecision='0' showAlternateHGridColor='1' AlternateHGridAlpha='30' AlternateHGridColor='CCCCCC' >
   <categories font='Arial' fontSize='11' fontColor='000000'>
      <category name='Maret' />
      <category name='April' />
      <category name='Mei' />
   </categories>
   <dataset seriesname='Kemeja' color='FDC12E'>
      <set value='30' />
      <set value='26' />
      <set value='29' />
      <set value='31' />
      <set value='34' />
   </dataset>
    <dataset seriesname='Polo' color='56B9F9'>
      <set value='67' />
      <set value='90' />
      <set value='79' />
      <set value='73' />
      <set value='80' />
   </dataset>
    <dataset seriesname='Kaos' color='C9198D'>
      <set value='27' />
      <set value='25' />
      <set value='28' />
      <set value='26' />
      <set value='10' />
   </dataset>
   <dataset seriesname='Cardigan' color='FD0B0B'>
      <set value='15' />
      <set value='35' />
      <set value='58' />
      <set value='66' />
      <set value='50' />
   </dataset>
</graph>